Trial,Treatment,Ingestion_Diat,Ingestion_Chloro,Clearance_Diat,Clearance_Chloro,Food_Conc_Diat,Food_Conc_Chloro
1,15,15705.02431,54070.44841,0.608,1.216,"29,850","28,695"
2,15,34215.73924,37257.51846,1.013333333,1.013333333,"40,000","20,000"
1,10,13032.09076,27937.63989,1.216,0.8685714286,"14,285","10,526"
2,10,22637.13308,32420.09724,1.013333333,1.216,"22,000","18,181"
1,5,6904.736179,19496.12822,1.013333333,0.6755555556,"2,818","11,111"
2,5,7887.41221,23020.34936,1.216,0.6755555556,"2,671","11,520"